{"cameraMode":{"drawMode":0,"name":"Shaded","section":"Shading Mode"},"sceneLighting":false,"audioPlay":false,"sceneViewState":{"showFog":true,"showMaterialUpdate":false,"showSkybox":false,"showFlares":true,"showImageEffects":true,"showParticleSystems":true},"in2DMode":false,"pivot":{"x":-19.600143432617189,"y":176.94326782226563,"z":25.98308753967285},"rotation":{"x":0.3099743127822876,"y":-0.43266451358795168,"z":0.16137631237506867,"w":0.8310708403587341},"size":10.0,"orthographic":true}