{"cameraMode":{"drawMode":0,"name":"Shaded","section":"Shading Mode"},"sceneLighting":true,"audioPlay":false,"sceneViewState":{"showFog":true,"showMaterialUpdate":false,"showSkybox":true,"showFlares":true,"showImageEffects":true,"showParticleSystems":true},"in2DMode":false,"pivot":{"x":3.167818546295166,"y":126.54015350341797,"z":11.851563453674317},"rotation":{"x":0.32147690653800967,"y":0.4851357042789459,"z":-0.19771862030029298,"w":0.7887993454933167},"size":9.478490829467774,"orthographic":true}