{"cameraMode":{"drawMode":0,"name":"Shaded","section":"Shading Mode"},"sceneLighting":false,"audioPlay":false,"sceneViewState":{"showFog":true,"showMaterialUpdate":false,"showSkybox":false,"showFlares":true,"showImageEffects":true,"showParticleSystems":true},"in2DMode":false,"pivot":{"x":-0.03656005859375,"y":90.3573226928711,"z":0.026070117950439454},"rotation":{"x":0.12113652378320694,"y":0.3213755786418915,"z":-0.04149220511317253,"w":0.9382548332214356},"size":91.43868255615235,"orthographic":true}